{
  "k_mult": 1.193174565694046,
  "linearity_error_pct": 2.8349107732007552,
  "output_offset_mv": 0.0,
  "bw_mhz": 1402.6631254911995,
  "thd_pct": 0.3247816950472474,
  "power_uw": 99.77208,
  "score": 1.0
}