{
  "k_mult": 1.1650472817226067,
  "linearity_error_pct": 3.295760036885686,
  "output_offset_mv": 0.0,
  "bw_mhz": 1393.1539836430854,
  "thd_pct": 0.4418843045343937,
  "power_uw": 157.4785,
  "score": 1.0
}