{
  "k_mult": 1.124179681790072,
  "linearity_error_pct": 2.4846054214893085,
  "output_offset_mv": 0.0,
  "bw_mhz": 1402.5122145831806,
  "thd_pct": 0.32116835853894116,
  "power_uw": 100.33,
  "score": 1.0
}