{
  "k_mult": 1.0174930754671025,
  "linearity_error_pct": 3.216645650398554,
  "output_offset_mv": 0.0,
  "bw_mhz": 825.86224493176,
  "thd_pct": 0.42437772248175476,
  "power_uw": 157.6301,
  "score": 1.0
}