{
  "k_mult": 1.1945402072674807,
  "linearity_error_pct": 3.1080125368165206,
  "output_offset_mv": 0.0,
  "bw_mhz": 1398.145880584945,
  "thd_pct": 0.38984647737832306,
  "power_uw": 125.3827,
  "score": 1.0
}