{
  "k_mult": 1.280022488334177,
  "linearity_error_pct": 1.5086332603644688,
  "output_offset_mv": 0.0,
  "bw_mhz": 1602.0185039336693,
  "thd_pct": 0.16360385428066732,
  "power_uw": 86.43553,
  "score": 1.0
}