{
  "k_mult": 1.2331650456325782,
  "linearity_error_pct": 1.048459551643066,
  "output_offset_mv": 0.0,
  "bw_mhz": 1601.582698864652,
  "thd_pct": 0.10333391638356022,
  "power_uw": 85.72311,
  "score": 1.0
}