{
  "c_int_pf": 5.089566185736593,
  "unity_gain_freq_mhz": 3.1270826880672833,
  "leakage_mv_per_us": 0.0,
  "dc_gain_db": 138.93063494771042,
  "output_swing_mv": 1386.978,
  "reset_time_ns": 8.946500000000047,
  "charge_inject_mv": 0.7021000000000388,
  "power_uw": 9.8845452e-06,
  "score": 1.0,
  "specs_passed": 7,
  "specs_total": 7
}