{
  "gm_us": 3650.754344999996,
  "thd_pct": 48.5470270360614,
  "dc_gain_db": 38.2593538,
  "bw_mhz": 0.04773802699605733,
  "power_uw": 33.167538,
  "gm_ratio": 1.5536119607265324,
  "gm_max_us": 99.13416666666444,
  "gm_min_us": 63.80883333332813,
  "score": 0.35
}