{
  "gm_us": 52.46225105,
  "dc_gain_db": 43.8012658,
  "thd_pct": 0.8372366806415843,
  "bw_mhz": 100000.0,
  "power_uw": 63.08991,
  "gm_ratio": 19.64802305007572,
  "gm_max_us": 60.15306458333333,
  "gm_min_us": 3.0615326758333334,
  "score": 0.8
}