{
  "gm_us": 52.46225105,
  "dc_gain_db": 43.8012658,
  "thd_pct": 0.8372366806415843,
  "bw_mhz": 100000.0,
  "power_uw": 63.08991,
  "gm_ratio": 52.48227192942087,
  "gm_max_us": 60.18497558333333,
  "gm_min_us": 1.1467677250000001,
  "score": 1.0
}