{
  "gm_us": 59.38892695,
  "dc_gain_db": 44.8480883,
  "thd_pct": 0.8643316265911228,
  "bw_mhz": 100000.0,
  "power_uw": 70.816032,
  "gm_ratio": 53.744556153990864,
  "gm_max_us": 68.34970391666667,
  "gm_min_us": 1.2717512025000002,
  "score": 1.0
}