{
  "gm_us": 60.6887362,
  "dc_gain_db": 46.8885648,
  "thd_pct": 0.8046486873549528,
  "bw_mhz": 100000.0,
  "power_uw": 74.135052,
  "gm_ratio": 52.64621882941073,
  "gm_max_us": 69.60597158333334,
  "gm_min_us": 1.3221456950000001,
  "score": 1.0
}