{
  "gm_us": 60.315829799999996,
  "dc_gain_db": 47.3418708,
  "thd_pct": 0.7901402378834688,
  "bw_mhz": 100000.0,
  "power_uw": 74.140326,
  "gm_ratio": 52.35610062431924,
  "gm_max_us": 69.1723075,
  "gm_min_us": 1.3211890625,
  "score": 1.0
}