{
  "gm_us": 56.59192449999999,
  "dc_gain_db": 43.705196,
  "thd_pct": 0.7303870651446115,
  "bw_mhz": 100000.0,
  "power_uw": 70.933464,
  "gm_ratio": 49.648635950531215,
  "gm_max_us": 64.16233191666666,
  "gm_min_us": 1.2923281916666667,
  "score": 1.0
}