{
  "gm_us": 57.99431755000001,
  "dc_gain_db": 46.8831457,
  "thd_pct": 0.835251486697146,
  "bw_mhz": 100000.0,
  "power_uw": 70.063056,
  "gm_ratio": 53.467190866701664,
  "gm_max_us": 66.72553791666668,
  "gm_min_us": 1.2479716408333332,
  "score": 1.0
}