{
  "gm_us": 58.28971060000001,
  "dc_gain_db": 44.5825742,
  "thd_pct": 0.8115215479902629,
  "bw_mhz": 100000.0,
  "power_uw": 70.818372,
  "gm_ratio": 52.240942504403314,
  "gm_max_us": 66.69696991666667,
  "gm_min_us": 1.2767183500000001,
  "score": 1.0
}