{
  "gm_us": 60.03188265,
  "dc_gain_db": 47.6470754,
  "thd_pct": 0.7888929437675137,
  "bw_mhz": 100000.0,
  "power_uw": 73.90022400000001,
  "gm_ratio": 52.396010699399135,
  "gm_max_us": 68.87910958333333,
  "gm_min_us": 1.3145869058333333,
  "score": 1.0,
  "rout_kohm": 4018,
  "gm_flatness_pct": 5.0
}