{
  "gm_us": 58.69380295,
  "dc_gain_db": 45.6525436,
  "thd_pct": 0.8470548152072753,
  "bw_mhz": 100000.0,
  "power_uw": 70.469262,
  "gm_ratio": 53.51608657963139,
  "gm_max_us": 67.46942525000001,
  "gm_min_us": 1.2607316708333334,
  "score": 1.0
}