{
  "gm_us": 59.077530799999984,
  "dc_gain_db": 45.0041381,
  "thd_pct": 0.8536533492895864,
  "bw_mhz": 100000.0,
  "power_uw": 70.71444000000001,
  "gm_ratio": 53.516588586696855,
  "gm_max_us": 67.91570491666667,
  "gm_min_us": 1.269058935,
  "score": 1.0
}